{"cameraMode":{"drawMode":0,"name":"Shaded","section":"Shading Mode"},"sceneLighting":false,"audioPlay":false,"sceneViewState":{"showFog":true,"showMaterialUpdate":false,"showSkybox":false,"showFlares":true,"showImageEffects":true,"showParticleSystems":true},"in2DMode":false,"pivot":{"x":41.400001525878909,"y":18.700000762939454,"z":117.30000305175781},"rotation":{"x":0.6400159597396851,"y":0.0006777505041100085,"z":-0.0005917464732192457,"w":0.7683887481689453},"size":0.2598091661930084,"orthographic":true}