{"cameraMode":{"drawMode":0,"name":"Shaded","section":"Shading Mode"},"sceneLighting":true,"audioPlay":false,"sceneViewState":{"showFog":true,"showMaterialUpdate":false,"showSkybox":true,"showFlares":true,"showImageEffects":true,"showParticleSystems":true},"in2DMode":false,"pivot":{"x":14.99360179901123,"y":1.119999885559082,"z":-28.295804977416993},"rotation":{"x":-0.37590140104293826,"y":0.0660751610994339,"z":-0.026896348223090173,"w":-0.9239274859428406},"size":52.738338470458987,"orthographic":true}