{"cameraMode":{"drawMode":0,"name":"Shaded","section":"Shading Mode"},"sceneLighting":false,"audioPlay":false,"sceneViewState":{"showFog":true,"showMaterialUpdate":false,"showSkybox":false,"showFlares":true,"showImageEffects":true,"showParticleSystems":true},"in2DMode":false,"pivot":{"x":24.464908599853517,"y":33.08182144165039,"z":160.65098571777345},"rotation":{"x":0.706054151058197,"y":0.0000036783508221560625,"z":0.0000018067593146042782,"w":0.7081776261329651},"size":6.902891159057617,"orthographic":true}